file_start,time,channel,SNR,og_cluster,cluster,status
2020-07-06T07:19:15.067000Z,18.0,500,3.577558512222036,,,Mismatched
2020-07-06T07:22:15.067000Z,21.0,1000,3.51614980132898,,,Mismatched
2020-07-06T08:19:02.860000Z,27.0,500,3.494281439824936,,,Mismatched
2020-08-03T07:07:50.542000Z,12.0,0,3.610609001805908,2.0,2.0,Mismatched - Type 1 (Cluster 2)
2020-07-07T14:02:08.931000Z,3.0,0,3.410344017318503,,,Mismatched
2020-07-07T14:02:08.931000Z,6.0,0,4.726024446933168,,,Mismatched
2020-07-07T14:02:08.931000Z,15.0,0,3.416493054917114,,,Mismatched
2020-07-07T14:02:08.931000Z,18.0,500,4.070663675699199,,,Mismatched
2020-07-07T14:02:38.931000Z,3.0,0,3.8463862928226975,,,Mismatched
2020-07-07T14:02:38.931000Z,6.0,500,3.9038021370573097,,,Mismatched
2020-07-07T14:02:38.931000Z,12.0,0,3.7164837056441047,,,Mismatched
2020-07-07T14:02:38.931000Z,21.0,500,3.630136358418516,,,Mismatched
2020-07-07T14:02:38.931000Z,21.0,1000,4.173054366217321,,,Mismatched
2020-07-07T14:02:38.931000Z,24.0,500,4.1531580949160265,,,Mismatched
2020-07-07T14:02:38.931000Z,27.0,0,3.414576205006864,,,Mismatched
2020-07-07T14:02:38.931000Z,27.0,500,4.141790494580753,,,Mismatched
2020-07-07T14:04:08.931000Z,0.0,1000,3.7026139004395255,,,Mismatched
2020-07-07T14:04:08.931000Z,3.0,0,4.224946792902414,,,Mismatched
2020-07-07T14:04:08.931000Z,6.0,500,3.673696614089564,,,Mismatched
2020-07-07T14:04:08.931000Z,12.0,500,4.207171248892284,,,Mismatched
2020-07-07T14:04:08.931000Z,18.0,500,3.757701341251762,,,Mismatched
2020-07-07T14:04:08.931000Z,21.0,500,3.427366681324015,,,Mismatched
2020-07-07T14:04:08.931000Z,24.0,0,3.877318366321648,,,Mismatched
2020-07-07T14:04:08.931000Z,24.0,500,3.672840482526425,,,Mismatched
2020-07-07T14:05:08.931000Z,0.0,0,4.1038176046122,,,Mismatched
2020-07-07T14:05:08.931000Z,0.0,500,4.295464352903472,,,Mismatched
2020-07-07T14:05:08.931000Z,3.0,500,3.505237861212109,,,Mismatched
2020-07-07T14:05:08.931000Z,6.0,0,3.515700213236139,,,Mismatched
2020-07-07T14:05:08.931000Z,6.0,500,3.809076576195186,,,Mismatched
2020-07-07T14:05:08.931000Z,9.0,500,4.060462763619265,,,Mismatched
2020-07-07T14:05:08.931000Z,12.0,500,3.8132173381128096,,,Mismatched
2020-07-07T14:05:08.931000Z,15.0,500,4.191622183350376,,,Mismatched
2020-07-07T14:05:08.931000Z,15.0,1000,3.4393290329440864,,,Mismatched
2020-07-07T14:05:08.931000Z,18.0,500,4.3010754969585605,,,Mismatched
2020-07-07T14:05:08.931000Z,21.0,500,3.4614302595727664,,,Mismatched
2020-07-07T14:05:38.931000Z,0.0,0,3.758072461537045,,,Mismatched
2020-07-07T14:05:38.931000Z,3.0,0,4.283840356786074,3.0,3.0,Mismatched
2020-07-07T14:05:38.931000Z,3.0,1000,4.056859870322471,,,Mismatched
2020-07-07T14:05:38.931000Z,6.0,500,4.011230588367037,,,Mismatched
2020-07-07T14:05:38.931000Z,9.0,0,4.974790086715182,,,Mismatched
2020-07-07T14:05:38.931000Z,9.0,500,3.9953394115196894,,,Mismatched
2020-07-07T14:05:38.931000Z,12.0,0,4.009494273737735,,,Mismatched
2020-07-07T14:05:38.931000Z,15.0,0,4.057581246042398,,,Mismatched
2020-07-07T14:05:38.931000Z,15.0,500,3.794983315538125,,,Mismatched
2020-07-07T14:05:38.931000Z,18.0,0,4.18539213512715,,,Mismatched
2020-07-07T14:05:38.931000Z,18.0,500,4.509941169891302,,,Mismatched
2020-07-07T14:05:38.931000Z,21.0,500,3.756735999072778,,,Mismatched
2020-07-07T14:05:38.931000Z,24.0,500,4.180884388893795,,,Mismatched
2020-07-07T14:05:38.931000Z,27.0,500,3.731351550400691,,,Mismatched
2020-07-07T14:11:38.931000Z,0.0,500,4.09952387593419,,,Mismatched
2020-07-07T14:11:38.931000Z,3.0,0,3.5132103284308007,,,Mismatched
2020-07-07T14:11:38.931000Z,3.0,500,3.4373903775793493,,,Mismatched
2020-07-07T14:11:38.931000Z,6.0,500,3.986179659079588,,,Mismatched
2020-07-07T14:11:38.931000Z,9.0,500,4.80018918696585,,,Mismatched
2020-07-07T14:11:38.931000Z,12.0,0,3.694887218602062,,,Mismatched
2020-07-07T14:11:38.931000Z,12.0,500,4.315597734378176,,,Mismatched
2020-07-07T14:11:38.931000Z,15.0,0,4.243872924734033,,,Mismatched
2020-07-07T14:11:38.931000Z,15.0,500,4.4012189309799,,,Mismatched
2020-07-07T14:11:38.931000Z,21.0,500,4.5758866167836345,,,Mismatched
2020-07-07T14:11:38.931000Z,24.0,500,4.399645316497489,,,Mismatched
2020-07-07T14:11:38.931000Z,24.0,1000,4.323166956699295,,,Mismatched
2020-07-07T14:11:38.931000Z,27.0,500,4.621000781014737,,,Mismatched
2020-07-07T14:11:38.931000Z,27.0,1000,4.102474023977869,,,Mismatched
2020-07-07T14:17:38.931000Z,0.0,500,4.023941212247591,,,Mismatched
2020-07-07T14:17:38.931000Z,3.0,500,4.076324890694503,3.0,3.0,Mismatched
2020-07-07T14:17:38.931000Z,3.0,1000,3.993794867923434,,,Mismatched
2020-07-07T14:17:38.931000Z,6.0,0,4.078496627493899,,,Mismatched
2020-07-07T14:17:38.931000Z,9.0,500,3.4613842197960905,,,Mismatched
2020-07-07T14:17:38.931000Z,9.0,1000,3.660127123896349,,,Mismatched
2020-07-07T14:17:38.931000Z,12.0,500,4.765997709379195,,,Mismatched
2020-07-07T14:17:38.931000Z,12.0,1000,5.057193047796716,,,Mismatched
2020-07-07T14:17:38.931000Z,15.0,500,4.358500722076402,,,Mismatched
2020-07-07T14:17:38.931000Z,18.0,0,3.951428341995064,,,Mismatched
2020-07-07T14:17:38.931000Z,18.0,500,3.732535856487912,,,Mismatched
2020-07-07T14:17:38.931000Z,18.0,1000,3.546226549528461,,,Mismatched
2020-07-07T14:17:38.931000Z,21.0,0,4.1676894750607065,,,Mismatched
2020-07-07T14:17:38.931000Z,21.0,500,4.46100571822512,,,Mismatched
2020-07-07T14:17:38.931000Z,21.0,1000,3.76055014329435,,,Mismatched
2020-07-07T14:17:38.931000Z,24.0,500,4.183308003613805,,,Mismatched
2020-07-07T14:17:38.931000Z,27.0,500,4.326433748435346,,,Mismatched
2020-07-07T14:18:08.931000Z,0.0,500,4.36957102605764,,,Mismatched
2020-07-07T14:18:08.931000Z,3.0,500,3.654049165835756,,,Mismatched
2020-07-07T14:18:08.931000Z,6.0,0,5.268889495611598,,,Mismatched
2020-07-07T14:18:08.931000Z,6.0,500,4.111362498795098,,,Mismatched
2020-07-07T14:18:08.931000Z,6.0,1000,3.969356326308555,,,Mismatched
2020-07-07T14:18:08.931000Z,9.0,500,4.216142108255934,,,Mismatched
2020-07-07T14:18:08.931000Z,12.0,500,4.337792890231076,,,Mismatched
2020-07-07T14:18:08.931000Z,15.0,500,5.1312627829098405,,,Mismatched
2020-07-07T14:18:08.931000Z,18.0,500,4.547011311772843,3.0,3.0,Mismatched
2020-07-07T14:18:08.931000Z,18.0,1000,3.455996815687401,,,Mismatched
2020-07-07T14:18:08.931000Z,21.0,500,3.652957495575514,,,Mismatched
2020-07-07T14:18:08.931000Z,24.0,500,3.582322604734829,,,Mismatched
2020-07-07T14:18:08.931000Z,27.0,500,4.385194970620484,,,Mismatched
2020-07-07T14:19:08.931000Z,0.0,500,4.483234069150011,,,Mismatched
2020-07-07T14:19:08.931000Z,3.0,500,4.307261286380773,,,Mismatched
2020-07-07T14:19:08.931000Z,6.0,0,4.161416059990893,,,Mismatched
2020-07-07T14:19:08.931000Z,6.0,500,4.02227105859053,,,Mismatched
2020-07-07T14:19:08.931000Z,9.0,500,4.460003815965524,,,Mismatched
2020-07-07T14:19:08.931000Z,9.0,1000,4.249988709988883,,,Mismatched
2020-07-07T14:19:08.931000Z,12.0,500,4.970427650756016,,,Mismatched
2020-07-07T14:19:08.931000Z,15.0,0,4.218944073273119,,,Mismatched
2020-07-07T14:19:08.931000Z,15.0,500,3.7738511285875527,,,Mismatched
2020-07-07T14:19:08.931000Z,18.0,500,4.331182809619563,,,Mismatched
2020-07-07T14:19:08.931000Z,21.0,500,4.280655571592698,,,Mismatched
2020-07-07T14:19:08.931000Z,24.0,500,4.509590157380563,3.0,3.0,Mismatched
2020-07-07T14:19:08.931000Z,27.0,0,4.707383666209164,,,Mismatched
2020-07-07T14:19:08.931000Z,27.0,500,3.63931523425017,,,Mismatched
2020-07-07T14:29:08.931000Z,9.0,500,3.804578318346597,,,Mismatched
2020-07-07T14:29:08.931000Z,12.0,0,3.894697760637485,,,Mismatched
2020-07-07T14:29:08.931000Z,24.0,0,4.878857810240381,,,Mismatched
2020-07-07T14:29:38.931000Z,3.0,500,3.626734451519204,,,Mismatched
2020-07-07T14:29:38.931000Z,6.0,0,4.006496835163407,,,Mismatched
2020-07-07T14:29:38.931000Z,15.0,500,3.632827514899508,,,Mismatched
2020-07-07T14:29:38.931000Z,24.0,500,3.922826445909193,,,Mismatched
2020-07-07T14:29:38.931000Z,24.0,1000,4.103919154151074,,,Mismatched
2020-07-07T14:31:08.931000Z,3.0,500,3.7402218363932542,,,Mismatched
2020-07-07T14:31:08.931000Z,6.0,0,3.9339825763218657,,,Mismatched
2020-07-07T14:31:08.931000Z,6.0,500,3.595617498747126,,,Mismatched
2020-07-07T14:31:08.931000Z,15.0,0,4.279192233759395,,,Mismatched
2020-07-07T14:31:08.931000Z,15.0,500,3.948458272777656,,,Mismatched
2020-07-07T14:31:08.931000Z,15.0,1000,4.471730168546334,,,Mismatched
2020-07-07T14:31:08.931000Z,21.0,1000,4.042089475467846,,,Mismatched
2020-07-07T14:31:08.931000Z,27.0,0,3.903208871928308,,,Mismatched
2020-07-07T14:37:38.931000Z,0.0,500,3.7781043720742646,,,Mismatched
2020-07-07T14:37:38.931000Z,12.0,0,4.111966753920736,,,Mismatched
2020-07-07T14:37:38.931000Z,24.0,0,4.508589146589627,,,Mismatched
2020-07-07T14:37:38.931000Z,24.0,1000,3.671072979135814,,,Mismatched
2020-07-07T14:37:38.931000Z,27.0,1000,4.03168673002665,,,Mismatched
2020-07-07T14:38:08.931000Z,9.0,500,3.749952805204484,,,Mismatched
2020-07-07T14:38:08.931000Z,18.0,0,4.918554108888406,,,Mismatched
2020-07-07T14:41:08.931000Z,0.0,500,3.5648668447046377,,,Mismatched
2020-07-07T14:41:08.931000Z,3.0,500,3.822365284080625,,,Mismatched
2020-07-07T14:41:08.931000Z,6.0,500,3.66747480609766,,,Mismatched
2020-07-07T14:41:08.931000Z,6.0,1000,4.152698656468919,,,Mismatched
2020-07-07T14:41:08.931000Z,9.0,500,3.555189060861251,,,Mismatched
2020-07-07T14:41:08.931000Z,24.0,500,3.965322881660061,,,Mismatched
2020-07-07T14:41:08.931000Z,27.0,500,3.931567155963772,1.0,3.0,Mismatched
2020-07-07T14:41:08.931000Z,27.0,1000,4.442090918183421,,,Mismatched
2020-07-07T14:41:38.931000Z,0.0,1000,4.377547465611479,,,Mismatched
2020-07-07T14:41:38.931000Z,15.0,0,4.673059276717084,,,Mismatched
2020-07-07T14:41:38.931000Z,15.0,1000,3.469000793144167,,,Mismatched
2020-07-07T14:41:38.931000Z,18.0,500,4.170859222269019,,,Mismatched
2020-07-07T14:42:38.931000Z,6.0,1000,4.548751318322806,,,Mismatched
2020-07-07T14:42:38.931000Z,15.0,500,4.046575913363268,,,Mismatched
2020-07-07T14:42:38.931000Z,24.0,0,3.733930820232742,,,Mismatched
2020-07-07T14:42:38.931000Z,27.0,500,4.330580411147412,,,Mismatched
2020-07-07T14:42:38.931000Z,27.0,1000,4.714572306069953,,,Mismatched
2020-07-07T14:48:08.931000Z,6.0,500,3.808614541616637,,,Mismatched
2020-07-07T14:48:08.931000Z,12.0,0,3.5318657132529547,,,Mismatched
2020-07-07T14:48:08.931000Z,21.0,500,3.898678023491038,,,Mismatched
2020-07-07T14:48:08.931000Z,21.0,1000,3.7315170586120487,,,Mismatched
2020-07-07T14:54:38.931000Z,0.0,0,3.856003783870014,,,Mismatched
2020-07-07T14:54:38.931000Z,0.0,500,3.785257099682843,,,Mismatched
2020-07-07T14:54:38.931000Z,3.0,500,4.336789746101926,,,Mismatched
2020-07-07T14:54:38.931000Z,9.0,500,3.8559679921946457,,,Mismatched
2020-07-07T14:54:38.931000Z,12.0,500,4.055444370294222,,,Mismatched
2020-07-07T14:54:38.931000Z,15.0,0,4.020347423812192,,,Mismatched
2020-07-07T14:54:38.931000Z,24.0,500,3.4487022010990467,,,Mismatched
2020-07-07T14:55:38.931000Z,0.0,500,3.401038041829168,,,Mismatched
2020-07-07T14:55:38.931000Z,6.0,500,3.956892099414928,,,Mismatched
2020-07-07T14:55:38.931000Z,9.0,500,3.573086898586898,,,Mismatched
2020-07-07T14:55:38.931000Z,12.0,500,4.028867365589456,,,Mismatched
2020-07-07T14:55:38.931000Z,18.0,0,4.492695341903138,,,Mismatched
2020-07-07T14:55:38.931000Z,18.0,1000,4.055515341379337,,,Mismatched
2020-07-07T14:55:38.931000Z,27.0,500,3.768693735044094,,,Mismatched
2020-07-07T14:59:08.931000Z,0.0,500,3.485933449583522,,,Mismatched
2020-07-07T14:59:08.931000Z,0.0,1000,3.638126004560999,,,Mismatched
2020-07-07T14:59:08.931000Z,6.0,500,3.6615566142502,,,Mismatched
2020-07-07T14:59:08.931000Z,9.0,500,3.9228816841863776,,,Mismatched
2020-07-07T14:59:08.931000Z,12.0,1000,3.47645335314802,,,Mismatched
2020-07-07T14:59:08.931000Z,15.0,0,3.586628752976476,,,Mismatched
2020-07-07T14:59:08.931000Z,18.0,500,3.6071499829461935,,,Mismatched
2020-07-07T14:59:08.931000Z,21.0,1000,3.787408777722083,,,Mismatched
2020-07-07T14:59:38.931000Z,0.0,500,4.28697511301711,,,Mismatched
2020-07-07T14:59:38.931000Z,3.0,500,4.494252720852941,,,Mismatched
2020-07-07T14:59:38.931000Z,3.0,1000,4.084004027396963,,,Mismatched
2020-07-07T14:59:38.931000Z,6.0,500,3.7396338363053134,,,Mismatched
2020-07-07T14:59:38.931000Z,9.0,500,4.010343658132165,,,Mismatched
2020-07-07T14:59:38.931000Z,15.0,500,3.812687043064756,,,Mismatched
2020-07-07T14:59:38.931000Z,15.0,1000,4.428017953819478,,,Mismatched
2020-07-07T14:59:38.931000Z,18.0,0,3.44074885663102,,,Mismatched
2020-07-07T14:59:38.931000Z,24.0,0,3.802366182661781,,,Mismatched
2020-07-07T14:59:38.931000Z,24.0,500,3.8026801615874297,,,Mismatched
2020-07-07T14:59:38.931000Z,27.0,500,4.213779960907574,,,Mismatched
2020-07-07T15:05:38.931000Z,3.0,500,4.081178085630824,,,Mismatched
2020-07-07T15:05:38.931000Z,6.0,0,3.801487630605778,,,Mismatched
2020-07-07T15:05:38.931000Z,6.0,500,4.697518422106336,,,Mismatched
2020-07-07T15:05:38.931000Z,9.0,500,4.612882337660862,,,Mismatched
2020-07-07T15:05:38.931000Z,15.0,500,3.8604363526919263,,,Mismatched
2020-07-07T15:05:38.931000Z,18.0,0,3.704676204888685,,,Mismatched
2020-07-07T15:05:38.931000Z,18.0,500,4.146877044198137,,,Mismatched
2020-07-07T15:05:38.931000Z,24.0,500,3.5843904260616246,,,Mismatched
2020-07-07T15:05:38.931000Z,27.0,500,4.18010937625691,,,Mismatched
2020-07-07T15:22:08.931000Z,0.0,0,3.5851303235044942,,,Mismatched
2020-07-07T15:22:08.931000Z,12.0,0,4.205941533132168,,,Mismatched
2020-07-07T15:22:08.931000Z,21.0,500,3.4226209449049447,,,Mismatched
2020-07-07T15:22:08.931000Z,21.0,1000,3.685347828327207,,,Mismatched
2020-07-07T15:22:08.931000Z,24.0,500,3.714963211142412,,,Mismatched
2020-07-07T15:28:08.931000Z,0.0,0,4.623790158853796,,,Mismatched
2020-07-07T15:28:08.931000Z,3.0,500,3.7864268508381658,,,Mismatched
2020-07-07T15:28:08.931000Z,3.0,1000,3.6385242174933743,,,Mismatched
2020-07-07T15:28:08.931000Z,6.0,1000,3.659774969087761,,,Mismatched
2020-07-07T15:28:08.931000Z,9.0,1000,3.759326538766087,,,Mismatched
2020-07-07T15:28:08.931000Z,24.0,500,3.6623665995483994,,,Mismatched
2020-07-07T15:28:08.931000Z,27.0,0,4.372969212050816,,,Mismatched
2020-07-07T15:28:38.931000Z,0.0,0,4.271234234725116,,,Mismatched
2020-07-07T15:28:38.931000Z,9.0,0,4.423124499122078,,,Mismatched
2020-07-07T15:28:38.931000Z,12.0,1000,3.778486761787595,,,Mismatched
2020-07-07T15:28:38.931000Z,18.0,0,4.779532349625005,,,Mismatched
2020-07-07T15:30:08.931000Z,0.0,500,4.516300183799913,,,Mismatched
2020-07-07T15:30:08.931000Z,6.0,1000,3.782839695772443,,,Mismatched
2020-07-07T15:30:08.931000Z,9.0,1000,4.0974657163359804,,,Mismatched
2020-07-07T15:30:08.931000Z,18.0,1000,4.3501175234744975,,,Mismatched
2020-07-07T15:30:08.931000Z,24.0,0,4.83667073614497,,,Mismatched
2020-07-07T15:30:08.931000Z,24.0,1000,4.02134152491166,,,Mismatched
2020-07-07T15:30:08.931000Z,27.0,1000,3.7614869811259215,,,Mismatched
2020-07-07T15:39:08.931000Z,0.0,1000,3.986827857079084,,,Mismatched
2020-07-07T15:39:08.931000Z,6.0,0,4.881133617951937,,,Mismatched
2020-07-07T15:39:08.931000Z,6.0,500,4.421303914815713,,,Mismatched
2020-07-07T15:42:08.931000Z,3.0,1000,3.9148792239770542,,,Mismatched
2020-07-07T15:42:08.931000Z,18.0,1000,3.578500436222572,,,Mismatched
2020-07-08T07:00:08.931000Z,3.0,0,3.8836615411495576,,,Mismatched
2020-07-08T07:00:08.931000Z,3.0,500,3.46723555138274,,,Mismatched
2020-07-08T07:00:08.931000Z,6.0,0,5.074219954686589,,,Mismatched
2020-07-08T07:00:08.931000Z,6.0,500,4.578439354757442,,,Mismatched
2020-07-08T07:00:08.931000Z,9.0,1000,3.6259120673646033,,,Mismatched
2020-07-08T07:00:08.931000Z,15.0,0,4.135042586089434,,,Mismatched
2020-07-08T07:00:08.931000Z,15.0,500,4.38834421543539,,,Mismatched
2020-07-08T07:00:08.931000Z,18.0,500,3.6001932347126178,,,Mismatched
2020-07-08T07:00:08.931000Z,21.0,1000,4.48195645141653,,,Mismatched
2020-07-08T07:00:08.931000Z,27.0,1000,4.365816219408687,,,Mismatched
2020-07-08T07:02:38.931000Z,0.0,500,4.000528857388577,,,Mismatched
2020-07-08T07:02:38.931000Z,0.0,1000,5.059482468708676,,,Mismatched
2020-07-08T07:02:38.931000Z,6.0,1000,4.800133721448438,,,Mismatched
2020-07-08T07:02:38.931000Z,9.0,1000,3.536660852100438,,,Mismatched
2020-07-08T07:02:38.931000Z,12.0,500,4.327663265695287,,,Mismatched
2020-07-08T07:02:38.931000Z,15.0,500,4.14761036362068,,,Mismatched
2020-07-08T07:02:38.931000Z,24.0,500,4.21704643698981,,,Mismatched
2020-07-08T07:02:38.931000Z,24.0,1000,4.683457670799402,,,Mismatched
2020-07-08T07:02:38.931000Z,27.0,500,3.5707117456448128,,,Mismatched
2020-07-08T07:02:38.931000Z,27.0,1000,3.691672907304326,,,Mismatched
2020-07-08T07:03:08.931000Z,6.0,1000,4.25841275659717,,,Mismatched
2020-07-08T07:03:08.931000Z,15.0,500,3.515874180024854,,,Mismatched
2020-07-08T07:03:08.931000Z,15.0,1000,4.6107351848363125,,,Mismatched
2020-07-08T07:03:08.931000Z,18.0,500,3.528369391803668,,,Mismatched
2020-07-08T07:03:08.931000Z,24.0,500,4.273944021966714,,,Mismatched
2020-07-08T07:03:08.931000Z,24.0,1000,4.499034013621696,,,Mismatched
2020-07-08T07:03:08.931000Z,27.0,1000,4.730927123337261,,,Mismatched
2020-07-08T07:11:08.931000Z,6.0,500,3.9728865921367897,,,Mismatched
2020-07-08T07:11:08.931000Z,6.0,1000,4.03161094663299,,,Mismatched
2020-07-08T07:11:08.931000Z,9.0,1000,4.216641677996843,,,Mismatched
2020-07-08T07:11:08.931000Z,18.0,500,3.973485245137092,,,Mismatched
2020-07-08T07:11:08.931000Z,18.0,1000,4.030371906286084,,,Mismatched
2020-07-08T07:11:08.931000Z,24.0,500,4.6149709272854444,,,Mismatched
2020-07-08T07:16:08.931000Z,0.0,1000,3.9942807476704334,,,Mismatched
2020-07-08T07:16:08.931000Z,3.0,1000,3.7389251849422367,,,Mismatched
2020-07-08T07:16:08.931000Z,15.0,0,3.7847628322592457,,,Mismatched
2020-07-08T07:16:08.931000Z,21.0,1000,4.100658421353699,,,Mismatched
2020-07-08T07:16:08.931000Z,27.0,500,4.675796322395039,,,Mismatched
2020-07-08T07:16:08.931000Z,27.0,1000,4.042398435068937,,,Mismatched
2020-07-08T07:20:08.931000Z,12.0,1000,4.41589836657334,,,Mismatched
2020-07-08T07:20:08.931000Z,15.0,0,4.873545831165214,,,Mismatched
2020-07-08T07:20:08.931000Z,15.0,500,3.982364322613904,,,Mismatched
2020-07-08T07:20:08.931000Z,18.0,1000,4.301668806509206,,,Mismatched
2020-07-08T07:20:08.931000Z,21.0,500,4.626830926506743,2.0,3.0,Mismatched
2020-07-08T07:20:08.931000Z,21.0,1000,3.587390732098198,,,Mismatched
2020-07-08T07:20:08.931000Z,24.0,500,4.355373301743231,,,Mismatched
2020-07-08T07:20:08.931000Z,27.0,1000,4.0848230878601095,,,Mismatched
2020-07-08T07:25:08.931000Z,6.0,1000,3.653690004736204,,,Mismatched
2020-07-08T07:25:08.931000Z,12.0,500,4.014136629365705,,,Mismatched
2020-07-08T07:25:08.931000Z,15.0,500,3.698446890352588,,,Mismatched
2020-07-08T07:25:08.931000Z,21.0,500,4.36968310367437,,,Mismatched
2020-07-08T07:25:08.931000Z,21.0,1000,4.165906375118736,,,Mismatched
2020-07-08T07:25:08.931000Z,27.0,500,4.491505807628465,,,Mismatched
2020-07-08T07:35:08.931000Z,0.0,0,3.994269934094588,,,Mismatched
2020-07-08T07:35:08.931000Z,0.0,1000,4.694642622991466,,,Mismatched
2020-07-08T07:35:08.931000Z,6.0,500,3.8992078620724993,,,Mismatched
2020-07-08T07:35:08.931000Z,12.0,500,3.8531643459798937,2.0,2.0,Mismatched - Type 1 (Cluster 2)
2020-07-08T07:35:08.931000Z,15.0,500,4.008922323001203,,,Mismatched
2020-07-08T07:35:08.931000Z,18.0,500,4.735839352155655,,,Mismatched
2020-07-08T07:35:08.931000Z,18.0,1000,4.651647185292392,,,Mismatched
2020-07-08T07:35:08.931000Z,21.0,0,3.4115159119162484,,,Mismatched
2020-07-08T07:35:08.931000Z,24.0,1000,3.472846249136704,,,Mismatched
2020-07-08T07:35:08.931000Z,27.0,0,4.525658445900754,,,Mismatched
2020-07-08T07:35:08.931000Z,27.0,500,3.9280797686986806,,,Mismatched
2020-07-08T07:35:38.931000Z,0.0,0,4.560756513377839,,,Mismatched
2020-07-08T07:35:38.931000Z,0.0,500,3.976106698265217,,,Mismatched
2020-07-08T07:35:38.931000Z,3.0,0,3.464184718187461,,,Mismatched
2020-07-08T07:35:38.931000Z,3.0,500,4.4604400158495805,,,Mismatched
2020-07-08T07:35:38.931000Z,3.0,1000,3.575168926631375,,,Mismatched
2020-07-08T07:35:38.931000Z,6.0,500,3.601110779741585,,,Mismatched
2020-07-08T07:35:38.931000Z,6.0,1000,4.907783166514464,,,Mismatched
2020-07-08T07:35:38.931000Z,9.0,500,4.09922446916068,,,Mismatched
2020-07-08T07:35:38.931000Z,15.0,500,4.080498612324843,,,Mismatched
2020-07-08T07:35:38.931000Z,18.0,500,4.336552550348771,,,Mismatched
2020-07-08T07:35:38.931000Z,21.0,500,3.605885950493255,,,Mismatched
2020-07-08T07:35:38.931000Z,21.0,1000,4.794329525455173,,,Mismatched
2020-07-08T07:35:38.931000Z,24.0,500,4.312413023671407,,,Mismatched
2020-07-08T07:35:38.931000Z,24.0,1000,3.803808910568375,,,Mismatched
2020-07-08T07:36:08.931000Z,3.0,500,3.4486716418164485,,,Mismatched
2020-07-08T07:36:08.931000Z,9.0,500,4.114598084498366,,,Mismatched
2020-07-08T07:36:08.931000Z,9.0,1000,4.250659653880148,,,Mismatched
2020-07-08T07:36:08.931000Z,15.0,500,3.6300385440381793,,,Mismatched
2020-07-08T07:36:08.931000Z,15.0,1000,3.6295691262822976,,,Mismatched
2020-07-08T07:36:08.931000Z,18.0,500,3.4485827062433385,,,Mismatched
2020-07-08T07:36:08.931000Z,18.0,1000,3.893764745199495,,,Mismatched
2020-07-08T07:36:08.931000Z,24.0,500,4.624159541077711,,,Mismatched
2020-07-08T07:36:08.931000Z,24.0,1000,4.642713583414804,,,Mismatched
2020-07-08T07:43:08.931000Z,0.0,500,3.707189407068156,,,Mismatched
2020-07-08T07:43:08.931000Z,3.0,0,3.540999022773231,,,Mismatched
2020-07-08T07:43:08.931000Z,6.0,0,3.885062253301943,,,Mismatched
2020-07-08T07:43:08.931000Z,9.0,500,4.837987535889408,,,Mismatched
2020-07-08T07:43:08.931000Z,15.0,500,3.4401321577993342,,,Mismatched
2020-07-08T07:43:08.931000Z,18.0,1000,4.187260700248199,,,Mismatched
2020-07-08T07:43:08.931000Z,21.0,0,3.823403444518529,,,Mismatched
2020-07-08T07:43:08.931000Z,21.0,1000,3.994771634379164,,,Mismatched
2020-07-08T07:43:08.931000Z,24.0,500,3.504794815606196,,,Mismatched
2020-07-08T07:43:08.931000Z,27.0,0,4.581503775230601,,,Mismatched
2020-07-08T07:43:08.931000Z,27.0,1000,3.66109216689705,,,Mismatched
2020-07-08T07:43:38.931000Z,0.0,0,4.604342916388025,,,Mismatched
2020-07-08T07:43:38.931000Z,3.0,500,3.859289366940187,,,Mismatched
2020-07-08T07:43:38.931000Z,9.0,500,3.93565058648852,,,Mismatched
2020-07-08T07:43:38.931000Z,18.0,500,3.6811590743370095,,,Mismatched
2020-07-08T07:43:38.931000Z,18.0,1000,4.503620366618479,,,Mismatched
2020-07-08T07:43:38.931000Z,21.0,0,4.189159504704266,,,Mismatched
2020-07-08T07:43:38.931000Z,21.0,500,4.60016611754467,,,Mismatched
2020-07-08T07:43:38.931000Z,24.0,500,5.4598347879030245,,,Mismatched
2020-07-08T07:43:38.931000Z,27.0,500,3.552987173466083,,,Mismatched
2020-07-08T07:44:38.931000Z,0.0,500,3.7533975757668943,,,Mismatched
2020-07-08T07:44:38.931000Z,3.0,500,3.529217762372864,,,Mismatched
2020-07-08T07:44:38.931000Z,12.0,1000,3.5644440996370435,,,Mismatched
2020-07-08T07:44:38.931000Z,18.0,1000,3.42295852043095,,,Mismatched
2020-07-08T07:44:38.931000Z,21.0,0,4.0999895532908015,,,Mismatched
2020-07-08T07:44:38.931000Z,21.0,500,3.968965937433481,,,Mismatched
2020-07-08T07:44:38.931000Z,24.0,0,4.575686261080457,,,Mismatched
2020-07-08T07:44:38.931000Z,24.0,1000,3.454460157461773,,,Mismatched
2020-07-08T07:44:38.931000Z,27.0,1000,3.4662294276708847,,,Mismatched
2020-07-08T07:45:08.931000Z,9.0,1000,3.591493946950273,,,Mismatched
2020-07-08T07:45:08.931000Z,12.0,0,5.216470449785885,,,Mismatched
2020-07-08T07:45:08.931000Z,12.0,1000,3.498352346377433,,,Mismatched
2020-07-08T07:45:08.931000Z,15.0,0,4.875107069130115,,,Mismatched
2020-07-08T07:45:08.931000Z,15.0,500,4.146013911095182,,,Mismatched
2020-07-08T07:45:08.931000Z,15.0,1000,4.524656219185457,,,Mismatched
2020-07-08T07:45:08.931000Z,18.0,500,4.634073766503652,,,Mismatched
2020-07-08T07:45:08.931000Z,18.0,1000,3.846817674371086,,,Mismatched
2020-07-08T07:45:08.931000Z,21.0,500,3.9856678535134473,,,Mismatched
2020-07-08T07:45:08.931000Z,21.0,1000,4.464471458537592,,,Mismatched
2020-07-08T07:45:08.931000Z,24.0,500,4.163630646326051,,,Mismatched
2020-07-08T07:45:08.931000Z,24.0,1000,4.143083885438997,,,Mismatched
2020-07-08T07:45:08.931000Z,27.0,500,4.531022516294288,,,Mismatched
2020-07-08T07:45:08.931000Z,27.0,1000,3.572308715293071,,,Mismatched
2020-07-08T08:00:08.931000Z,6.0,500,4.030562560548619,,,Mismatched
2020-07-08T08:00:08.931000Z,6.0,1000,4.924474807108691,,,Mismatched
2020-07-08T08:00:08.931000Z,9.0,1000,4.359676294929311,,,Mismatched
2020-07-08T08:00:08.931000Z,18.0,500,4.6209051936237655,,,Mismatched
2020-07-08T08:00:08.931000Z,18.0,1000,4.986498674562008,,,Mismatched
2020-07-08T08:00:08.931000Z,21.0,1000,4.381487162437747,,,Mismatched
2020-07-08T08:00:08.931000Z,24.0,1000,3.958403602209045,,,Mismatched
2020-07-08T08:00:08.931000Z,27.0,500,4.428950752269236,,,Mismatched
2020-07-08T08:25:38.931000Z,0.0,500,4.097970265987555,,,Mismatched
2020-07-08T08:25:38.931000Z,3.0,0,3.814472564034788,,,Mismatched
2020-07-08T08:25:38.931000Z,12.0,500,3.919154371597759,,,Mismatched
2020-07-08T08:25:38.931000Z,24.0,1000,5.232581409644109,,,Mismatched
2020-07-08T08:38:08.931000Z,6.0,1000,3.947527800147573,,,Mismatched
2020-07-08T08:38:08.931000Z,18.0,0,4.586914410062231,,,Mismatched
2020-07-08T08:38:08.931000Z,21.0,0,3.519303473255432,,,Mismatched
2020-07-08T08:38:08.931000Z,24.0,500,4.261052709142778,,,Mismatched
2020-07-08T08:38:08.931000Z,27.0,1000,3.8270293900921786,,,Mismatched
2020-07-08T08:39:08.931000Z,0.0,1000,3.4337434590295346,,,Mismatched
2020-07-08T08:39:08.931000Z,6.0,0,3.5728900626990563,,,Mismatched
2020-07-08T08:39:08.931000Z,9.0,1000,4.0691732671891065,,,Mismatched
2020-07-08T08:39:08.931000Z,12.0,500,3.9843746579677872,,,Mismatched
2020-07-08T08:39:08.931000Z,12.0,1000,3.966765880420607,,,Mismatched
2020-07-08T08:39:08.931000Z,15.0,1000,4.321973807376121,,,Mismatched
2020-07-08T08:39:08.931000Z,18.0,0,3.9870762284935073,,,Mismatched
2020-07-08T08:39:08.931000Z,18.0,500,4.453828999830983,,,Mismatched
2020-07-08T08:39:08.931000Z,18.0,1000,4.244333845494813,,,Mismatched
2020-07-08T08:41:38.931000Z,0.0,500,4.342426622827952,,,Mismatched
2020-07-08T08:41:38.931000Z,3.0,0,4.2442458040266535,,,Mismatched
2020-07-08T08:41:38.931000Z,3.0,500,4.576134295347913,,,Mismatched
2020-07-08T08:41:38.931000Z,3.0,1000,4.596196838860205,2.0,2.0,Mismatched - Type 1 (Cluster 2)
2020-07-08T08:41:38.931000Z,6.0,0,4.323941567646609,,,Mismatched
2020-07-08T08:41:38.931000Z,9.0,0,4.643880722489549,,,Mismatched
2020-07-08T08:41:38.931000Z,9.0,1000,3.569142649542949,,,Mismatched
2020-07-08T08:41:38.931000Z,12.0,0,3.892303917233766,,,Mismatched
2020-07-08T08:41:38.931000Z,18.0,0,4.247292232476585,,,Mismatched
2020-07-08T08:41:38.931000Z,18.0,500,3.828371791445668,,,Mismatched
2020-07-07T07:00:08.931000Z,0.0,0,3.666037387999059,,,Mismatched
2020-07-07T07:00:08.931000Z,3.0,500,3.557571999437683,,,Mismatched
2020-07-07T07:00:08.931000Z,3.0,1000,3.983960700455613,,,Mismatched
2020-07-07T07:00:08.931000Z,6.0,500,3.532173985221768,,,Mismatched
2020-07-07T07:00:08.931000Z,6.0,1000,4.507613035033979,,,Mismatched
2020-07-07T07:00:08.931000Z,9.0,0,4.269456675056322,,,Mismatched
2020-07-07T07:00:08.931000Z,12.0,500,4.3404286574239554,1.0,3.0,Mismatched
2020-07-07T07:00:08.931000Z,15.0,0,3.6067325749508106,,,Mismatched
2020-07-07T07:00:08.931000Z,18.0,500,3.5922781055154456,,,Mismatched
2020-07-07T07:00:08.931000Z,24.0,500,4.385541330663752,,,Mismatched
2020-07-07T07:00:08.931000Z,27.0,500,3.594245692935498,,,Mismatched
2020-07-07T07:01:08.931000Z,0.0,0,4.1327258613038,,,Mismatched
2020-07-07T07:01:08.931000Z,3.0,0,3.966978869251494,,,Mismatched
2020-07-07T07:01:08.931000Z,3.0,1000,4.692759261917185,,,Mismatched
2020-07-07T07:01:08.931000Z,6.0,0,3.513850334847743,,,Mismatched
2020-07-07T07:01:08.931000Z,6.0,500,3.647570333394297,,,Mismatched
2020-07-07T07:01:08.931000Z,9.0,0,4.122140347727006,,,Mismatched
2020-07-07T07:01:08.931000Z,9.0,1000,3.71683514010673,,,Mismatched
2020-07-07T07:01:08.931000Z,12.0,1000,3.447899969317099,,,Mismatched
2020-07-07T07:01:08.931000Z,15.0,0,3.92987650644784,,,Mismatched
2020-07-07T07:01:08.931000Z,15.0,1000,4.90277813389122,,,Mismatched
2020-07-07T07:01:08.931000Z,18.0,500,3.841998048798291,,,Mismatched
2020-07-07T07:01:08.931000Z,24.0,0,4.760298792035215,,,Mismatched
2020-07-07T07:01:08.931000Z,24.0,500,5.513634170101301,,,Mismatched
2020-07-07T07:01:08.931000Z,27.0,0,3.600301724387203,,,Mismatched
2020-07-07T07:01:08.931000Z,27.0,500,4.481323780382385,,,Mismatched
2020-07-07T07:01:08.931000Z,27.0,1000,3.478493599009594,,,Mismatched
2020-07-07T07:01:38.931000Z,0.0,0,3.702092774254493,,,Mismatched
2020-07-07T07:01:38.931000Z,0.0,500,4.393963033198051,,,Mismatched
2020-07-07T07:01:38.931000Z,6.0,0,4.396437256441385,,,Mismatched
2020-07-07T07:01:38.931000Z,6.0,500,3.898378092996974,,,Mismatched
2020-07-07T07:01:38.931000Z,9.0,500,4.824336696015375,,,Mismatched
2020-07-07T07:01:38.931000Z,12.0,500,4.041570590248423,2.0,3.0,Mismatched
2020-07-07T07:01:38.931000Z,12.0,1000,4.564961060636704,,,Mismatched
2020-07-07T07:01:38.931000Z,15.0,500,4.433232480491506,,,Mismatched
2020-07-07T07:01:38.931000Z,15.0,1000,4.372665108811648,,,Mismatched
2020-07-07T07:01:38.931000Z,18.0,1000,3.9840532102930863,,,Mismatched
2020-07-07T07:01:38.931000Z,21.0,0,4.33884058531388,,,Mismatched
2020-07-07T07:01:38.931000Z,21.0,500,3.472255422984512,,,Mismatched
2020-07-07T07:01:38.931000Z,24.0,1000,3.9485555689107903,,,Mismatched
2020-07-07T07:02:38.931000Z,3.0,500,3.447295968612846,,,Mismatched
2020-07-07T07:02:38.931000Z,3.0,1000,3.714792907289481,,,Mismatched
2020-07-07T07:02:38.931000Z,6.0,0,4.437447438600821,,,Mismatched
2020-07-07T07:02:38.931000Z,6.0,500,4.641719997323363,,,Mismatched
2020-07-07T07:02:38.931000Z,9.0,0,4.688590700672566,,,Mismatched
2020-07-07T07:02:38.931000Z,9.0,500,4.30475280992724,,,Mismatched
2020-07-07T07:02:38.931000Z,15.0,500,3.988009930807324,,,Mismatched
2020-07-07T07:02:38.931000Z,15.0,1000,4.534556744727218,,,Mismatched
2020-07-07T07:02:38.931000Z,18.0,1000,3.977417811526548,,,Mismatched
2020-07-07T07:02:38.931000Z,21.0,500,3.4370374555290866,,,Mismatched
2020-07-07T07:02:38.931000Z,27.0,500,4.022291758029324,,,Mismatched
2020-07-07T07:02:38.931000Z,27.0,1000,3.4061625891188063,,,Mismatched
2020-07-07T07:03:08.931000Z,0.0,500,3.968012570226051,,,Mismatched
2020-07-07T07:03:08.931000Z,0.0,1000,3.544517027097427,,,Mismatched
2020-07-07T07:03:08.931000Z,6.0,0,4.963217315103571,,,Mismatched
2020-07-07T07:03:08.931000Z,9.0,0,3.807954159365983,,,Mismatched
2020-07-07T07:03:08.931000Z,9.0,500,4.816770752798663,,,Mismatched
2020-07-07T07:03:08.931000Z,9.0,1000,3.5837301082885307,,,Mismatched
2020-07-07T07:03:08.931000Z,18.0,1000,3.877780324501004,,,Mismatched
2020-07-07T07:03:08.931000Z,24.0,500,4.500423798631966,,,Mismatched
2020-07-07T07:03:08.931000Z,24.0,1000,3.771321599252846,,,Mismatched
2020-07-07T07:03:08.931000Z,27.0,1000,4.220473739880648,,,Mismatched
2020-07-07T07:03:38.931000Z,3.0,500,3.4492239949411148,,,Mismatched
2020-07-07T07:03:38.931000Z,6.0,0,3.464074020351789,,,Mismatched
2020-07-07T07:03:38.931000Z,6.0,500,4.52948560176476,2.0,3.0,Mismatched
2020-07-07T07:03:38.931000Z,6.0,1000,4.245501923051072,,,Mismatched
2020-07-07T07:03:38.931000Z,9.0,500,4.460945326840441,,,Mismatched
2020-07-07T07:03:38.931000Z,12.0,0,3.499242306181672,,,Mismatched
2020-07-07T07:03:38.931000Z,12.0,500,4.04701853310976,,,Mismatched
2020-07-07T07:03:38.931000Z,12.0,1000,3.488544738990951,,,Mismatched
2020-07-07T07:03:38.931000Z,18.0,500,3.776503646502618,,,Mismatched
2020-07-07T07:03:38.931000Z,18.0,1000,4.093597599345005,,,Mismatched
2020-07-07T07:03:38.931000Z,27.0,500,4.0980208247612335,,,Mismatched
2020-07-07T07:03:38.931000Z,27.0,1000,4.056848985987528,,,Mismatched
2020-07-07T07:05:38.931000Z,3.0,0,5.263971763273963,,,Mismatched
2020-07-07T07:05:38.931000Z,6.0,500,4.043698012802801,,,Mismatched
2020-07-07T07:05:38.931000Z,9.0,500,4.301762021604116,,,Mismatched
2020-07-07T07:05:38.931000Z,12.0,500,4.042047828792688,,,Mismatched
2020-07-07T07:05:38.931000Z,12.0,1000,4.217618174684144,,,Mismatched
2020-07-07T07:05:38.931000Z,15.0,500,4.419788419767884,,,Mismatched
2020-07-07T07:05:38.931000Z,15.0,1000,3.533041759481581,,,Mismatched
2020-07-07T07:05:38.931000Z,21.0,1000,3.979373304045204,,,Mismatched
2020-07-07T07:05:38.931000Z,24.0,500,3.4118129094737477,,,Mismatched
2020-07-07T07:05:38.931000Z,27.0,1000,4.357189715128443,,,Mismatched
2020-07-07T07:06:38.931000Z,0.0,1000,4.058418911084427,,,Mismatched
2020-07-07T07:06:38.931000Z,6.0,500,5.216247563675148,,,Mismatched
2020-07-07T07:06:38.931000Z,6.0,1000,3.9679057381864857,,,Mismatched
2020-07-07T07:06:38.931000Z,9.0,500,3.7791554431047896,,,Mismatched
2020-07-07T07:06:38.931000Z,9.0,1000,3.6293861088552872,,,Mismatched
2020-07-07T07:06:38.931000Z,15.0,1000,3.802458724389359,,,Mismatched
2020-07-07T07:06:38.931000Z,18.0,1000,4.034645323861939,,,Mismatched
2020-07-07T07:07:08.931000Z,3.0,0,3.944952368340119,,,Mismatched
2020-07-07T07:07:08.931000Z,3.0,500,4.429842378250393,,,Mismatched
2020-07-07T07:07:08.931000Z,3.0,1000,4.175945829926254,,,Mismatched
2020-07-07T07:07:08.931000Z,6.0,500,3.7065875335644543,1.0,3.0,Mismatched
2020-07-07T07:07:08.931000Z,9.0,0,4.154186925972801,,,Mismatched
2020-07-07T07:07:08.931000Z,9.0,500,4.283432316001953,3.0,3.0,Mismatched
2020-07-07T07:07:08.931000Z,9.0,1000,4.11831599602876,,,Mismatched
2020-07-07T07:07:08.931000Z,12.0,0,3.6008109143437546,,,Mismatched
2020-07-07T07:07:08.931000Z,12.0,1000,3.9419589125549455,,,Mismatched
2020-07-07T07:07:08.931000Z,15.0,0,4.357780724259836,,,Mismatched
2020-07-07T07:07:08.931000Z,15.0,500,3.750133101306068,3.0,3.0,Mismatched
2020-07-07T07:07:08.931000Z,18.0,500,5.095612802250798,,,Mismatched
2020-07-07T07:07:08.931000Z,21.0,1000,3.572582692156661,,,Mismatched
2020-07-07T07:07:08.931000Z,24.0,500,4.764329223955512,3.0,3.0,Mismatched
2020-07-07T07:07:38.931000Z,3.0,0,4.218974331330988,,,Mismatched
2020-07-07T07:07:38.931000Z,3.0,500,3.4653880919259854,,,Mismatched
2020-07-07T07:07:38.931000Z,3.0,1000,4.136806992390473,,,Mismatched
2020-07-07T07:07:38.931000Z,6.0,500,3.659608234827492,,,Mismatched
2020-07-07T07:07:38.931000Z,12.0,500,4.366834527201714,,,Mismatched
2020-07-07T07:07:38.931000Z,12.0,1000,4.468530246188427,,,Mismatched
2020-07-07T07:07:38.931000Z,15.0,1000,3.69610502027509,,,Mismatched
2020-07-07T07:07:38.931000Z,21.0,0,3.797749583629054,,,Mismatched
2020-07-07T07:07:38.931000Z,21.0,1000,4.369744882467126,,,Mismatched
2020-07-07T07:07:38.931000Z,24.0,1000,3.804148214239087,,,Mismatched
2020-07-07T07:07:38.931000Z,27.0,0,3.610485653677334,,,Mismatched
2020-07-07T07:08:08.931000Z,0.0,1000,3.4026872379586064,,,Mismatched
2020-07-07T07:08:08.931000Z,3.0,500,3.6134245542561576,,,Mismatched
2020-07-07T07:08:08.931000Z,3.0,1000,3.6116873349387455,,,Mismatched
2020-07-07T07:08:08.931000Z,6.0,500,4.546840386778181,3.0,3.0,Mismatched
2020-07-07T07:08:08.931000Z,12.0,500,3.488758418449447,,,Mismatched
2020-07-07T07:08:08.931000Z,12.0,1000,3.5596358372608594,,,Mismatched
2020-07-07T07:08:08.931000Z,15.0,1000,5.001839120036093,,,Mismatched
2020-07-07T07:08:08.931000Z,18.0,1000,5.036618055088042,2.0,2.0,Mismatched - Type 1 (Cluster 2)
2020-07-07T07:08:08.931000Z,21.0,500,4.157825984094171,,,Mismatched
2020-07-07T07:08:08.931000Z,21.0,1000,4.0778824911451,,,Mismatched
2020-07-07T07:08:08.931000Z,27.0,1000,4.183988414682373,,,Mismatched
2020-07-07T07:08:38.931000Z,0.0,1000,4.200104150215646,,,Mismatched
2020-07-07T07:08:38.931000Z,3.0,500,4.208616061830017,,,Mismatched
2020-07-07T07:08:38.931000Z,3.0,1000,3.9058296832700607,,,Mismatched
2020-07-07T07:08:38.931000Z,6.0,500,3.495196692098594,,,Mismatched
2020-07-07T07:08:38.931000Z,6.0,1000,4.329498800160205,,,Mismatched
2020-07-07T07:08:38.931000Z,9.0,1000,4.074883634391708,,,Mismatched
2020-07-07T07:08:38.931000Z,15.0,500,4.265759631038419,,,Mismatched
2020-07-07T07:08:38.931000Z,18.0,1000,4.105763867071372,2.0,2.0,Mismatched - Type 1 (Cluster 2)
2020-07-07T07:08:38.931000Z,24.0,0,4.198059317886245,,,Mismatched
2020-07-07T07:08:38.931000Z,24.0,1000,3.9229196910508617,,,Mismatched
2020-07-07T07:08:38.931000Z,27.0,1000,4.89199446719155,,,Mismatched
2020-07-07T07:09:08.931000Z,0.0,1000,4.855471275674455,,,Mismatched
2020-07-07T07:09:08.931000Z,3.0,500,3.443151035383382,,,Mismatched
2020-07-07T07:09:08.931000Z,3.0,1000,3.4358291835157058,,,Mismatched
2020-07-07T07:09:08.931000Z,6.0,1000,5.2118493621922735,,,Mismatched
2020-07-07T07:09:08.931000Z,9.0,0,4.316327434115931,,,Mismatched
2020-07-07T07:09:08.931000Z,9.0,1000,3.8288695158705073,,,Mismatched
2020-07-07T07:09:08.931000Z,15.0,500,3.646921645634391,3.0,3.0,Mismatched
2020-07-07T07:09:08.931000Z,18.0,1000,4.323963129030635,,,Mismatched
2020-07-07T07:09:08.931000Z,24.0,0,5.152119595383001,,,Mismatched
2020-07-07T07:09:08.931000Z,24.0,500,4.472912567562906,,,Mismatched
2020-07-07T07:09:08.931000Z,24.0,1000,4.714313773900937,,,Mismatched
2020-07-07T07:10:08.931000Z,0.0,500,4.049193599532262,,,Mismatched
2020-07-07T07:10:08.931000Z,0.0,1000,3.461011981957594,,,Mismatched
2020-07-07T07:10:08.931000Z,6.0,500,3.634787494752619,,,Mismatched
2020-07-07T07:10:08.931000Z,6.0,1000,4.23024760322973,,,Mismatched
2020-07-07T07:10:08.931000Z,12.0,0,3.873977314517622,,,Mismatched
2020-07-07T07:10:08.931000Z,15.0,500,4.536801484697801,0.0,3.0,Mismatched
2020-07-07T07:10:08.931000Z,24.0,1000,3.507139188281806,,,Mismatched
2020-07-07T07:10:08.931000Z,27.0,0,3.630823306771509,,,Mismatched
2020-07-07T07:10:08.931000Z,27.0,500,4.048995295526493,,,Mismatched
2020-07-07T07:10:38.931000Z,0.0,500,3.923287661075906,,,Mismatched
2020-07-07T07:10:38.931000Z,3.0,500,3.86240869773272,,,Mismatched
2020-07-07T07:10:38.931000Z,6.0,500,4.132313986528703,3.0,3.0,Mismatched
2020-07-07T07:10:38.931000Z,9.0,0,4.097561589382332,,,Mismatched
2020-07-07T07:10:38.931000Z,9.0,500,4.507891717448046,,,Mismatched
2020-07-07T07:10:38.931000Z,15.0,500,3.49673497698321,,,Mismatched
2020-07-07T07:10:38.931000Z,15.0,1000,3.6404722660566304,,,Mismatched
2020-07-07T07:10:38.931000Z,18.0,0,4.024540926179953,,,Mismatched
2020-07-07T07:10:38.931000Z,18.0,500,4.043401003384356,,,Mismatched
2020-07-07T07:10:38.931000Z,18.0,1000,3.935804752720893,,,Mismatched
2020-07-07T07:10:38.931000Z,24.0,500,3.475562844662394,,,Mismatched
2020-07-07T07:10:38.931000Z,24.0,1000,3.638463530665428,,,Mismatched
2020-07-07T07:10:38.931000Z,27.0,1000,3.991683396656117,,,Mismatched
2020-07-07T07:11:38.931000Z,3.0,0,4.956682330290913,,,Mismatched
2020-07-07T07:11:38.931000Z,3.0,500,4.275032289288689,,,Mismatched
2020-07-07T07:11:38.931000Z,3.0,1000,4.158152317006176,,,Mismatched
2020-07-07T07:11:38.931000Z,12.0,500,4.1015630041556514,,,Mismatched
2020-07-07T07:11:38.931000Z,15.0,0,3.5069048182187337,,,Mismatched
2020-07-07T07:11:38.931000Z,15.0,1000,4.455468494353699,,,Mismatched
2020-07-07T07:11:38.931000Z,18.0,1000,3.9117431941494254,,,Mismatched
2020-07-07T07:11:38.931000Z,21.0,1000,4.179423118119167,,,Mismatched
2020-07-07T07:11:38.931000Z,24.0,500,4.741981077851083,3.0,3.0,Mismatched
2020-07-07T07:11:38.931000Z,24.0,1000,4.006413501592644,,,Mismatched
2020-07-07T07:11:38.931000Z,27.0,500,4.100448591550958,,,Mismatched
2020-07-07T07:11:38.931000Z,27.0,1000,3.5305910581505886,,,Mismatched
2020-07-07T07:18:38.931000Z,0.0,500,3.5139532170603576,,,Mismatched
2020-07-07T07:18:38.931000Z,3.0,0,4.237428065663727,,,Mismatched
2020-07-07T07:18:38.931000Z,3.0,500,4.377483986584867,,,Mismatched
2020-07-07T07:18:38.931000Z,3.0,1000,4.254598617950993,,,Mismatched
2020-07-07T07:18:38.931000Z,9.0,1000,4.2573423244043225,,,Mismatched
2020-07-07T07:18:38.931000Z,12.0,1000,3.902517206323362,,,Mismatched
2020-07-07T07:18:38.931000Z,24.0,500,4.898309044299669,,,Mismatched
2020-07-07T07:18:38.931000Z,27.0,500,3.739995630626837,,,Mismatched
2020-07-07T07:27:38.931000Z,0.0,1000,4.54492156943935,,,Mismatched
2020-07-07T07:27:38.931000Z,3.0,1000,3.921968730280119,,,Mismatched
2020-07-07T07:27:38.931000Z,6.0,1000,4.006037726530408,,,Mismatched
2020-07-07T07:27:38.931000Z,9.0,500,4.190742901848429,,,Mismatched
2020-07-07T07:27:38.931000Z,12.0,500,3.733321473651693,,,Mismatched
2020-07-07T07:27:38.931000Z,12.0,1000,4.322164456346135,,,Mismatched
2020-07-07T07:27:38.931000Z,15.0,500,3.723054966829372,,,Mismatched
2020-07-07T07:27:38.931000Z,15.0,1000,4.141482177558158,,,Mismatched
2020-07-07T07:27:38.931000Z,18.0,1000,3.8239663048627497,,,Mismatched
2020-07-07T07:27:38.931000Z,21.0,500,3.705262042734728,,,Mismatched
2020-07-07T07:27:38.931000Z,21.0,1000,4.296256590862511,,,Mismatched
2020-07-07T07:27:38.931000Z,24.0,500,3.4834264943577,,,Mismatched
2020-07-07T07:27:38.931000Z,24.0,1000,4.755781102818127,,,Mismatched
2020-07-07T07:27:38.931000Z,27.0,0,3.581230501839243,,,Mismatched
2020-07-07T07:40:08.931000Z,0.0,500,5.260234635733394,,,Mismatched
2020-07-07T07:40:08.931000Z,3.0,500,3.7801924168562127,,,Mismatched
2020-07-07T07:40:08.931000Z,6.0,500,4.300012362034997,,,Mismatched
2020-07-07T07:40:08.931000Z,12.0,0,3.4599421662468357,,,Mismatched
2020-07-07T07:40:08.931000Z,12.0,500,3.657091931865296,,,Mismatched
2020-07-07T07:40:08.931000Z,12.0,1000,4.953502244158384,,,Mismatched
2020-07-07T07:40:08.931000Z,15.0,500,4.381362847256091,,,Mismatched
2020-07-07T07:40:08.931000Z,15.0,1000,4.474283802188384,,,Mismatched
2020-07-07T07:40:08.931000Z,18.0,1000,4.746892367637767,,,Mismatched
2020-07-07T07:40:08.931000Z,27.0,1000,4.674929204756549,,,Mismatched
2020-07-07T07:40:38.931000Z,0.0,1000,4.699370736522054,,,Mismatched
2020-07-07T07:40:38.931000Z,3.0,500,3.886178126277668,,,Mismatched
2020-07-07T07:40:38.931000Z,9.0,500,3.869224112226751,,,Mismatched
2020-07-07T07:40:38.931000Z,15.0,1000,4.456051306490754,,,Mismatched
2020-07-07T07:40:38.931000Z,18.0,500,4.745861487246405,,,Mismatched
2020-07-07T07:40:38.931000Z,18.0,1000,3.468650068122084,,,Mismatched
2020-07-07T07:40:38.931000Z,24.0,1000,3.565736948659509,,,Mismatched
2020-07-07T07:40:38.931000Z,27.0,500,4.739887077285776,,,Mismatched
2020-07-07T07:41:08.931000Z,0.0,500,4.649881688107565,,,Mismatched
2020-07-07T07:41:08.931000Z,0.0,1000,3.722147718990946,,,Mismatched
2020-07-07T07:41:08.931000Z,3.0,0,3.9244916405590256,,,Mismatched
2020-07-07T07:41:08.931000Z,3.0,500,3.836374812758458,,,Mismatched
2020-07-07T07:41:08.931000Z,6.0,1000,3.9850385621633166,,,Mismatched
2020-07-07T07:41:08.931000Z,9.0,0,4.222400368794328,,,Mismatched
2020-07-07T07:41:08.931000Z,9.0,500,3.867646482850216,,,Mismatched
2020-07-07T07:41:08.931000Z,12.0,1000,3.944581919266679,,,Mismatched
2020-07-07T07:41:08.931000Z,15.0,0,3.6140251541898527,,,Mismatched
2020-07-07T07:41:08.931000Z,15.0,500,4.736533748582512,,,Mismatched
2020-07-07T07:41:08.931000Z,15.0,1000,3.548457834001165,,,Mismatched
2020-07-07T07:42:08.931000Z,0.0,500,3.515737178493345,,,Mismatched
2020-07-07T07:42:08.931000Z,0.0,1000,3.517561959627191,,,Mismatched
2020-07-07T07:42:08.931000Z,3.0,500,4.4613218321535335,3.0,3.0,Mismatched
2020-07-07T07:42:08.931000Z,9.0,0,3.99616657617303,,,Mismatched
2020-07-07T07:42:08.931000Z,9.0,500,4.29739117425309,2.0,2.0,Mismatched - Type 1 (Cluster 2)
2020-07-07T07:42:08.931000Z,15.0,500,4.787943860840364,,,Mismatched
2020-07-07T07:42:08.931000Z,15.0,1000,3.8320625879322017,,,Mismatched
2020-07-07T07:42:08.931000Z,18.0,1000,5.187614401933629,,,Mismatched
2020-07-07T07:42:08.931000Z,21.0,1000,4.166973191429341,,,Mismatched
2020-07-07T07:42:08.931000Z,24.0,500,3.804601888946457,,,Mismatched
2020-07-07T07:42:08.931000Z,27.0,1000,3.4578830225239723,,,Mismatched
2020-07-07T07:42:38.931000Z,0.0,1000,4.014468436662138,,,Mismatched
2020-07-07T07:42:38.931000Z,3.0,500,4.937190493977628,,,Mismatched
2020-07-07T07:42:38.931000Z,6.0,500,3.627215078344663,,,Mismatched
2020-07-07T07:42:38.931000Z,9.0,1000,3.5031531131728726,,,Mismatched
2020-07-07T07:42:38.931000Z,12.0,0,3.662582581980125,,,Mismatched
2020-07-07T07:42:38.931000Z,12.0,1000,3.435416874234249,,,Mismatched
2020-07-07T07:42:38.931000Z,15.0,500,4.269140440898002,,,Mismatched
2020-07-07T07:42:38.931000Z,18.0,500,4.769163967884321,,,Mismatched
2020-07-07T07:42:38.931000Z,18.0,1000,4.306256080188799,,,Mismatched
2020-07-07T07:42:38.931000Z,24.0,500,4.165090716471631,,,Mismatched
2020-07-07T07:42:38.931000Z,24.0,1000,3.922811932002309,,,Mismatched
2020-07-07T07:42:38.931000Z,27.0,1000,3.656746340904221,,,Mismatched
2020-07-07T07:43:08.931000Z,0.0,1000,3.541534248007697,,,Mismatched
2020-07-07T07:43:08.931000Z,3.0,500,4.42787180838186,,,Mismatched
2020-07-07T07:43:08.931000Z,3.0,1000,4.854171121773771,,,Mismatched
2020-07-07T07:43:08.931000Z,9.0,500,3.6532410974456586,,,Mismatched
2020-07-07T07:43:08.931000Z,12.0,500,4.609693024573807,,,Mismatched
2020-07-07T07:43:08.931000Z,15.0,1000,4.015836870971681,,,Mismatched
2020-07-07T07:43:08.931000Z,21.0,1000,3.775892485886745,,,Mismatched
2020-07-07T07:43:08.931000Z,24.0,500,5.180137941230636,,,Mismatched
2020-07-07T07:43:08.931000Z,24.0,1000,4.067859980240382,,,Mismatched
2020-07-07T07:43:08.931000Z,27.0,0,3.91602368878394,,,Mismatched
2020-07-07T07:43:08.931000Z,27.0,500,3.529794015864811,,,Mismatched
2020-07-07T07:43:08.931000Z,27.0,1000,4.551001418291947,,,Mismatched
2020-07-07T07:44:38.931000Z,3.0,500,4.187378298734177,,,Mismatched
2020-07-07T07:44:38.931000Z,3.0,1000,4.160492304090178,,,Mismatched
2020-07-07T07:44:38.931000Z,6.0,1000,3.739750348319769,,,Mismatched
2020-07-07T07:44:38.931000Z,9.0,500,3.5690348158543,,,Mismatched
2020-07-07T07:44:38.931000Z,18.0,0,4.022926998219544,,,Mismatched
2020-07-07T07:44:38.931000Z,18.0,1000,4.949566692014693,,,Mismatched
2020-07-07T07:44:38.931000Z,21.0,500,4.528147879960249,,,Mismatched
2020-07-07T07:44:38.931000Z,24.0,500,5.101829375705137,,,Mismatched
2020-07-07T07:44:38.931000Z,24.0,1000,4.895351106126201,,,Mismatched
2020-07-07T07:44:38.931000Z,27.0,500,4.044542085836431,,,Mismatched
2020-07-07T07:46:38.931000Z,0.0,1000,3.9864558266056624,,,Mismatched
2020-07-07T07:46:38.931000Z,3.0,500,3.591534022503424,,,Mismatched
2020-07-07T07:46:38.931000Z,9.0,0,3.889823734288661,,,Mismatched
2020-07-07T07:46:38.931000Z,9.0,500,3.4206401759726828,,,Mismatched
2020-07-07T07:46:38.931000Z,12.0,500,4.102487505559383,,,Mismatched
2020-07-07T07:46:38.931000Z,12.0,1000,4.140450722082799,,,Mismatched
2020-07-07T07:46:38.931000Z,15.0,1000,4.194481729681098,,,Mismatched
2020-07-07T07:46:38.931000Z,18.0,500,3.4918877896400717,3.0,3.0,Mismatched
2020-07-07T07:46:38.931000Z,18.0,1000,4.004307264210414,,,Mismatched
2020-07-07T07:46:38.931000Z,21.0,1000,4.036988363862104,,,Mismatched
2020-07-07T07:46:38.931000Z,24.0,500,4.399305382326895,,,Mismatched
2020-07-07T07:46:38.931000Z,24.0,1000,4.395074850529315,,,Mismatched
2020-07-07T07:46:38.931000Z,27.0,1000,3.9418331285090593,,,Mismatched
2020-07-07T07:47:08.931000Z,0.0,1000,4.068961171272909,,,Mismatched
2020-07-07T07:47:08.931000Z,3.0,1000,4.361243704620006,,,Mismatched
2020-07-07T07:47:08.931000Z,9.0,1000,3.742029090570471,,,Mismatched
2020-07-07T07:47:08.931000Z,12.0,0,3.567278939238341,,,Mismatched
2020-07-07T07:47:08.931000Z,12.0,500,4.380911560890515,1.0,3.0,Mismatched
2020-07-07T07:47:08.931000Z,15.0,500,4.329871844852252,,,Mismatched
2020-07-07T07:47:08.931000Z,15.0,1000,4.3117438192640725,,,Mismatched
2020-07-07T07:47:08.931000Z,18.0,1000,3.9873597429240215,,,Mismatched
2020-07-07T07:47:08.931000Z,21.0,500,4.048797194948169,,,Mismatched
2020-07-07T07:47:08.931000Z,21.0,1000,3.561410077850567,,,Mismatched
2020-07-07T07:47:08.931000Z,24.0,1000,3.4636482815782186,,,Mismatched
2020-07-07T07:47:08.931000Z,27.0,500,3.5889234770168783,,,Mismatched
2020-07-07T07:47:08.931000Z,27.0,1000,3.850768461525632,,,Mismatched
2020-07-07T08:16:08.931000Z,6.0,1000,3.442606398986624,,,Mismatched
2020-07-07T08:16:08.931000Z,21.0,0,3.975362533674252,,,Mismatched
2020-07-07T08:16:08.931000Z,27.0,1000,3.771999812662043,,,Mismatched
2020-07-07T08:18:38.931000Z,0.0,500,3.96135492130633,,,Mismatched
2020-07-07T08:18:38.931000Z,3.0,1000,3.550869911616414,,,Mismatched
2020-07-07T08:18:38.931000Z,6.0,500,4.296757664560388,,,Mismatched
2020-07-07T08:18:38.931000Z,9.0,500,3.715546208913497,,,Mismatched
2020-07-07T08:18:38.931000Z,12.0,1000,4.394915845150411,,,Mismatched
2020-07-07T08:18:38.931000Z,15.0,500,3.4947944092063747,,,Mismatched
2020-07-07T08:27:08.931000Z,12.0,500,3.80321905666163,,,Mismatched
2020-07-07T08:27:08.931000Z,12.0,1000,4.6096245574072405,,,Mismatched
2020-07-07T08:27:08.931000Z,15.0,1000,3.603161121197571,,,Mismatched
2020-07-07T08:27:08.931000Z,27.0,500,3.8046512195290414,,,Mismatched
2020-07-07T08:28:38.931000Z,3.0,1000,3.741362827464124,,,Mismatched
2020-07-07T08:28:38.931000Z,12.0,0,3.759390924448178,,,Mismatched
2020-07-07T08:28:38.931000Z,15.0,1000,3.437254160564252,,,Mismatched
2020-07-07T08:28:38.931000Z,18.0,1000,4.5615405045767785,,,Mismatched
2020-07-07T08:28:38.931000Z,21.0,500,4.617921658673143,,,Mismatched
2020-07-07T08:28:38.931000Z,24.0,0,4.584064796142993,,,Mismatched
2020-07-07T08:28:38.931000Z,27.0,1000,4.772397717955911,,,Mismatched
2020-07-07T08:34:08.931000Z,0.0,500,3.684560292256826,,,Mismatched
2020-07-07T08:34:08.931000Z,6.0,1000,3.533119704182047,,,Mismatched
2020-07-07T08:34:08.931000Z,9.0,500,3.976701983963968,,,Mismatched
2020-07-07T08:34:08.931000Z,24.0,500,3.9774560703985977,,,Mismatched
2020-07-07T08:34:08.931000Z,27.0,0,4.6560642190067245,,,Mismatched
2020-07-07T08:38:38.931000Z,0.0,1000,5.202859014638829,,,Mismatched
2020-07-07T08:38:38.931000Z,3.0,0,4.061411001552192,,,Mismatched
2020-07-07T08:38:38.931000Z,3.0,500,3.460015718532722,,,Mismatched
2020-07-07T08:38:38.931000Z,6.0,0,3.686442526165267,,,Mismatched
2020-07-07T08:38:38.931000Z,6.0,500,4.648044442065971,,,Mismatched
2020-07-07T08:38:38.931000Z,6.0,1000,3.459212906817113,,,Mismatched
2020-07-07T08:38:38.931000Z,9.0,1000,4.587387584656354,,,Mismatched
2020-07-07T08:38:38.931000Z,18.0,0,3.553177272173335,,,Mismatched
2020-07-07T08:38:38.931000Z,18.0,500,4.202922995023816,,,Mismatched
2020-07-07T08:38:38.931000Z,18.0,1000,3.487499286098275,,,Mismatched
2020-07-07T08:38:38.931000Z,24.0,0,3.7005374362884287,,,Mismatched
2020-07-07T08:38:38.931000Z,27.0,1000,4.2330178927197,,,Mismatched
2020-07-08T14:01:51.779000Z,0.0,0,3.5957760978955284,,,Mismatched
2020-07-08T14:01:51.779000Z,15.0,500,3.9996915525918766,,,Mismatched
2020-07-08T14:01:51.779000Z,18.0,500,4.117380736932828,,,Mismatched
2020-07-08T14:01:51.779000Z,21.0,500,3.58243854021386,,,Mismatched
2020-07-08T14:01:51.779000Z,27.0,1000,4.530054273770167,,,Mismatched
2020-07-08T14:08:51.779000Z,6.0,500,3.9667773109736704,,,Mismatched
2020-07-08T14:13:51.779000Z,12.0,0,4.585402891024813,,,Mismatched
2020-07-15T07:00:20.719000Z,6.0,1000,3.6082458386847134,,,Mismatched
2020-07-15T07:00:20.719000Z,18.0,1000,4.405883286321383,,,Mismatched
2020-07-15T07:00:20.719000Z,27.0,1000,3.975167507610338,,,Mismatched
2020-07-15T07:00:50.719000Z,0.0,1000,3.984766303969961,,,Mismatched
2020-07-15T07:03:50.719000Z,0.0,1000,3.589566961369454,,,Mismatched
2020-07-15T07:03:50.719000Z,15.0,1000,4.568979919502289,,,Mismatched
2020-07-15T07:05:50.719000Z,12.0,1000,4.692674444949197,,,Mismatched
2020-07-15T07:08:50.719000Z,18.0,1000,4.26629763693635,,,Mismatched
2020-07-15T07:15:20.719000Z,27.0,0,3.681499801647105,,,Mismatched
2020-07-15T07:32:50.719000Z,18.0,500,3.766179144906744,,,Mismatched
2020-07-15T07:33:50.719000Z,3.0,1000,3.4914014087394114,,,Mismatched
2020-07-15T07:33:50.719000Z,18.0,1000,4.104029367053112,,,Mismatched
2020-07-15T07:33:50.719000Z,21.0,1000,4.051926790483603,,,Mismatched
2020-07-15T07:35:20.719000Z,3.0,1000,4.234436225689444,,,Mismatched
2020-07-15T07:35:20.719000Z,12.0,1000,3.57633155107727,,,Mismatched
2020-07-15T07:47:20.719000Z,0.0,1000,4.113590120615044,,,Mismatched
2020-07-15T07:47:20.719000Z,6.0,1000,4.116618849566304,,,Mismatched
2020-07-15T07:47:20.719000Z,18.0,1000,3.921690111521396,,,Mismatched
2020-07-09T07:00:21.779000Z,0.0,500,3.627292612457144,,,Mismatched
2020-07-09T07:00:21.779000Z,3.0,1000,3.635777845438207,,,Mismatched
2020-07-09T07:00:21.779000Z,12.0,1000,3.801878977560811,,,Mismatched
2020-07-09T07:00:21.779000Z,24.0,1000,3.582515013913287,,,Mismatched
2020-07-09T07:00:21.779000Z,27.0,1000,4.352178270279952,,,Mismatched
2020-07-09T07:01:21.779000Z,3.0,1000,4.991930120335997,,,Mismatched
2020-07-09T07:01:21.779000Z,6.0,0,3.40068139215636,,,Mismatched
2020-07-09T07:01:21.779000Z,6.0,1000,3.52724853691269,,,Mismatched
2020-07-09T07:01:21.779000Z,12.0,500,4.192991984620738,,,Mismatched
2020-07-09T07:01:21.779000Z,18.0,500,4.28017112302492,,,Mismatched
2020-07-09T07:01:21.779000Z,18.0,1000,4.221077788493945,,,Mismatched
2020-07-09T07:01:21.779000Z,27.0,500,4.319319043576386,,,Mismatched
2020-07-09T07:01:21.779000Z,27.0,1000,4.234525318035202,,,Mismatched
2020-07-09T07:01:51.779000Z,0.0,500,4.37794527445535,,,Mismatched
2020-07-09T07:01:51.779000Z,0.0,1000,4.163410407396613,,,Mismatched
2020-07-09T07:01:51.779000Z,3.0,1000,4.700174312105,,,Mismatched
2020-07-09T07:01:51.779000Z,6.0,1000,4.585682068562141,,,Mismatched
2020-07-09T07:01:51.779000Z,9.0,500,3.9764788187002633,,,Mismatched
2020-07-09T07:01:51.779000Z,12.0,1000,3.887754618840088,,,Mismatched
2020-07-09T07:01:51.779000Z,15.0,0,3.848978659206936,,,Mismatched
2020-07-09T07:04:21.779000Z,0.0,1000,4.345252755638663,,,Mismatched
2020-07-09T07:04:21.779000Z,6.0,0,4.20062408739962,,,Mismatched
2020-07-09T07:04:21.779000Z,12.0,0,4.447642898565614,,,Mismatched
2020-07-09T07:04:21.779000Z,15.0,1000,4.11355384447006,,,Mismatched
2020-07-09T07:04:21.779000Z,18.0,1000,3.73236994168948,,,Mismatched
2020-07-09T07:04:21.779000Z,27.0,500,4.193773751678076,,,Mismatched
2020-07-09T07:04:51.779000Z,0.0,500,4.128538961597429,,,Mismatched
2020-07-09T07:04:51.779000Z,9.0,500,3.90934477865938,,,Mismatched
2020-07-09T07:04:51.779000Z,12.0,500,3.498219031516874,2.0,3.0,Mismatched
2020-07-09T07:04:51.779000Z,12.0,1000,3.657765942511362,,,Mismatched
2020-07-09T07:04:51.779000Z,15.0,1000,4.377898395433581,,,Mismatched
2020-07-09T07:04:51.779000Z,21.0,0,3.927011702037252,,,Mismatched
2020-07-09T07:04:51.779000Z,27.0,500,4.876556294803838,,,Mismatched
2020-07-09T07:04:51.779000Z,27.0,1000,4.600779907111261,,,Mismatched
2020-07-09T07:06:21.779000Z,0.0,500,3.416609121079198,,,Mismatched
2020-07-09T07:06:21.779000Z,0.0,1000,3.635165228248042,,,Mismatched
2020-07-09T07:06:21.779000Z,6.0,500,4.3839691262386165,,,Mismatched
2020-07-09T07:06:21.779000Z,6.0,1000,5.283188146401195,,,Mismatched
2020-07-09T07:06:21.779000Z,9.0,500,3.518811982732277,,,Mismatched
2020-07-09T07:06:21.779000Z,9.0,1000,4.360888913717835,,,Mismatched
2020-07-09T07:06:21.779000Z,12.0,500,4.043405116848749,,,Mismatched
2020-07-09T07:06:21.779000Z,12.0,1000,4.412607848727751,,,Mismatched
2020-07-09T07:06:21.779000Z,15.0,500,3.7727033067899938,,,Mismatched
2020-07-09T07:06:21.779000Z,15.0,1000,3.860629838629361,,,Mismatched
2020-07-09T07:06:21.779000Z,24.0,1000,3.5915641788179493,,,Mismatched
2020-07-09T07:06:21.779000Z,27.0,1000,4.5019107640789375,,,Mismatched
2020-07-09T07:06:51.779000Z,0.0,500,3.9660418399347104,,,Mismatched
2020-07-09T07:06:51.779000Z,0.0,1000,4.505294281155253,,,Mismatched
2020-07-09T07:06:51.779000Z,6.0,1000,3.633895099113002,,,Mismatched
2020-07-09T07:06:51.779000Z,9.0,500,4.303218954395366,,,Mismatched
2020-07-09T07:06:51.779000Z,9.0,1000,4.42756824165664,,,Mismatched
2020-07-09T07:06:51.779000Z,12.0,1000,3.743557478583218,,,Mismatched
2020-07-09T07:06:51.779000Z,15.0,1000,4.059411131344991,,,Mismatched
2020-07-09T07:06:51.779000Z,21.0,0,4.08051054947198,,,Mismatched
2020-07-09T07:06:51.779000Z,21.0,500,4.004946349887392,,,Mismatched
2020-07-09T07:06:51.779000Z,21.0,1000,4.227837012071985,,,Mismatched
2020-07-09T07:06:51.779000Z,24.0,500,3.673997923995037,,,Mismatched
2020-07-09T07:06:51.779000Z,24.0,1000,4.079862823117647,2.0,2.0,Mismatched - Type 1 (Cluster 2)
2020-07-09T07:06:51.779000Z,27.0,500,3.521018573311109,,,Mismatched
2020-07-09T07:06:51.779000Z,27.0,1000,3.606445459057212,,,Mismatched
2020-07-09T07:08:51.779000Z,6.0,1000,3.5139846061763813,,,Mismatched
2020-07-09T07:08:51.779000Z,12.0,500,4.933004640265972,,,Mismatched
2020-07-09T07:08:51.779000Z,12.0,1000,3.4997351579023075,,,Mismatched
2020-07-09T07:08:51.779000Z,18.0,500,3.908555121358792,,,Mismatched
2020-07-09T07:08:51.779000Z,21.0,500,4.171038590385845,,,Mismatched
2020-07-09T07:08:51.779000Z,24.0,1000,4.085480415610979,,,Mismatched
2020-07-09T07:08:51.779000Z,27.0,500,3.733746316034188,,,Mismatched
2020-07-09T07:08:51.779000Z,27.0,1000,4.338705815747667,,,Mismatched
2020-07-09T07:11:21.779000Z,0.0,1000,4.493293438775984,,,Mismatched
2020-07-09T07:11:21.779000Z,6.0,500,5.028118970902303,,,Mismatched
2020-07-09T07:11:21.779000Z,9.0,500,4.136218130339021,,,Mismatched
2020-07-09T07:11:21.779000Z,15.0,500,3.700707726692456,,,Mismatched
2020-07-09T07:11:21.779000Z,18.0,500,5.027772582507658,,,Mismatched
2020-07-09T07:11:21.779000Z,21.0,500,3.46156939763582,,,Mismatched
2020-07-09T07:11:21.779000Z,24.0,500,3.5556610934014343,,,Mismatched
2020-07-09T07:11:21.779000Z,27.0,500,4.280482867234492,,,Mismatched
2020-07-09T07:29:21.779000Z,24.0,0,4.248625017312403,,,Mismatched
2020-07-09T07:29:21.779000Z,27.0,0,4.867629010620201,,,Mismatched
2020-07-09T07:31:51.779000Z,18.0,500,4.111759859602697,,,Mismatched
2020-07-09T07:31:51.779000Z,27.0,500,3.946678526084912,,,Mismatched
2020-07-09T07:34:51.779000Z,6.0,1000,3.667623952994789,,,Mismatched
2020-07-09T07:34:51.779000Z,15.0,0,4.709177870930682,,,Mismatched
2020-07-09T07:35:21.779000Z,3.0,0,3.704160356418888,,,Mismatched
2020-07-09T07:35:21.779000Z,12.0,500,4.635305310681431,,,Mismatched
2020-07-09T07:35:21.779000Z,27.0,1000,4.523969286671517,,,Mismatched
2020-07-09T07:45:21.779000Z,0.0,1000,4.791366445983584,,,Mismatched
2020-07-09T07:45:21.779000Z,15.0,0,4.111395184644493,,,Mismatched
2020-07-09T07:45:21.779000Z,15.0,1000,3.596278515956148,,,Mismatched
2020-07-09T07:45:21.779000Z,18.0,0,4.035505223030515,,,Mismatched
2020-07-09T07:45:21.779000Z,21.0,500,4.704016277969789,,,Mismatched
2020-07-09T07:45:21.779000Z,27.0,0,4.711283294849286,,,Mismatched
2020-07-09T07:45:21.779000Z,27.0,500,3.772316210103758,,,Mismatched
2020-07-09T07:45:21.779000Z,27.0,1000,3.986508318022892,,,Mismatched
2020-07-09T07:48:21.779000Z,9.0,0,4.099743082908819,,,Mismatched
2020-07-09T07:48:21.779000Z,9.0,500,3.814853657112125,,,Mismatched
2020-07-09T07:48:21.779000Z,15.0,1000,3.712981889039504,,,Mismatched
2020-07-09T07:56:21.779000Z,6.0,0,4.343089106975381,,,Mismatched
2020-07-09T07:56:21.779000Z,18.0,1000,3.516588617563252,,,Mismatched
2020-07-09T07:56:21.779000Z,21.0,1000,3.493860061128333,,,Mismatched
2020-07-09T08:03:51.779000Z,24.0,500,3.883802441284645,,,Mismatched
2020-07-09T08:14:51.779000Z,3.0,1000,3.5280591868144304,,,Mismatched
2020-07-09T08:17:51.779000Z,0.0,500,3.894135820747483,,,Mismatched
2020-07-09T08:17:51.779000Z,6.0,0,4.712371786407211,,,Mismatched
2020-07-09T08:17:51.779000Z,6.0,500,5.080164699825194,,,Mismatched
2020-07-09T08:17:51.779000Z,6.0,1000,3.823399960648625,,,Mismatched
2020-07-09T08:17:51.779000Z,24.0,0,3.976240816740989,,,Mismatched
2020-07-09T08:17:51.779000Z,27.0,0,3.743868983872131,,,Mismatched
2020-07-09T08:32:21.779000Z,15.0,500,3.531980708519177,,,Mismatched
2020-07-09T08:32:21.779000Z,21.0,500,3.96418704960158,,,Mismatched
2020-07-09T08:32:51.779000Z,3.0,0,4.090487095057839,,,Mismatched
2020-07-09T08:32:51.779000Z,9.0,500,3.855169062987815,,,Mismatched
2020-07-09T08:32:51.779000Z,9.0,1000,3.543893133452711,,,Mismatched
2020-07-09T08:32:51.779000Z,12.0,1000,3.735273400910425,,,Mismatched
2020-07-09T08:32:51.779000Z,24.0,500,4.016327611586615,,,Mismatched
2020-07-09T08:32:51.779000Z,27.0,1000,3.9973723810541006,,,Mismatched
2020-07-09T08:34:21.779000Z,0.0,1000,4.218176663725896,,,Mismatched
2020-07-09T08:34:21.779000Z,9.0,500,4.371806534765692,,,Mismatched
2020-07-09T08:34:21.779000Z,21.0,500,3.5607997161361853,,,Mismatched
2020-07-09T08:44:21.779000Z,0.0,500,4.998691861350407,,,Mismatched
2020-07-09T08:44:21.779000Z,9.0,1000,4.606425410482961,,,Mismatched
2020-07-09T08:44:21.779000Z,12.0,500,4.309108208535394,,,Mismatched
2020-07-09T08:44:21.779000Z,18.0,1000,4.188717945292978,,,Mismatched
2020-07-09T08:44:21.779000Z,27.0,500,3.982557071185312,,,Mismatched
2020-07-09T08:44:21.779000Z,27.0,1000,4.665458699237898,,,Mismatched
2020-07-09T08:57:51.779000Z,0.0,1000,4.308168749590735,,,Mismatched
2020-07-09T08:57:51.779000Z,6.0,1000,4.177336172116475,,,Mismatched
2020-07-09T08:57:51.779000Z,9.0,500,4.612521616043152,,,Mismatched
2020-07-09T08:57:51.779000Z,9.0,1000,3.580585916073169,,,Mismatched
2020-07-09T08:57:51.779000Z,15.0,1000,3.64014816390915,,,Mismatched
2020-07-09T08:57:51.779000Z,21.0,500,4.072215573353904,,,Mismatched
2020-07-09T08:57:51.779000Z,21.0,1000,3.8408559110944074,,,Mismatched
2020-07-09T08:57:51.779000Z,24.0,500,3.670983770056154,,,Mismatched
2020-07-09T08:57:51.779000Z,27.0,500,3.955601541859202,,,Mismatched
2020-07-15T14:28:20.719000Z,0.0,1000,3.435249474805615,,,Mismatched
2020-07-15T14:45:20.719000Z,21.0,1000,3.480798732066566,,,Mismatched
2020-07-15T15:16:20.719000Z,21.0,1000,3.8781104564498814,,,Mismatched
2020-07-15T15:16:20.719000Z,24.0,1000,3.696296450187736,,,Mismatched
2020-07-15T15:35:20.719000Z,3.0,1000,3.577831106855351,,,Mismatched
2020-07-15T15:35:20.719000Z,21.0,0,3.565764289682555,,,Mismatched
2020-07-15T15:35:20.719000Z,27.0,0,4.475909282776235,,,Mismatched
2020-07-06T07:20:15.067000Z,6.0,0,,2.0,2.0,Mismatched - Type 1 (Cluster 2)
2020-07-06T08:59:32.860000Z,9.0,0,,2.0,2.0,Mismatched - Type 1 (Cluster 2)
2020-07-07T14:38:08.931000Z,0.0,0,,3.0,3.0,Mismatched
2020-07-08T07:16:08.931000Z,9.0,500,,2.0,2.0,Mismatched - Type 1 (Cluster 2)
2020-07-07T07:06:38.931000Z,24.0,500,,0.0,3.0,Mismatched
2020-07-07T14:29:38.931000Z,0.0,1000,,2.0,2.0,Mismatched - Type 1 (Cluster 2)
2020-07-09T07:29:21.779000Z,12.0,1000,,1.0,2.0,Mismatched - Type 1 (Cluster 2)
2020-08-03T08:11:20.542000Z,24.0,0,,2.0,2.0,Mismatched - Type 1 (Cluster 2)
2020-07-06T07:42:02.860000Z,15.0,1000,,2.0,2.0,Mismatched - Type 1 (Cluster 2)
2020-07-06T07:45:32.860000Z,24.0,0,,2.0,2.0,Mismatched - Type 1 (Cluster 2)
2020-07-06T07:48:02.860000Z,21.0,0,,2.0,2.0,Mismatched - Type 1 (Cluster 2)
2020-07-06T07:50:32.860000Z,18.0,1000,,2.0,2.0,Mismatched - Type 1 (Cluster 2)
2020-07-06T08:42:02.860000Z,21.0,1000,,2.0,2.0,Mismatched - Type 1 (Cluster 2)
2020-07-06T08:42:32.860000Z,0.0,0,,2.0,2.0,Mismatched - Type 1 (Cluster 2)
2020-07-06T08:42:32.860000Z,12.0,0,,2.0,2.0,Mismatched - Type 1 (Cluster 2)
2020-07-06T08:42:32.860000Z,15.0,500,,2.0,2.0,Mismatched - Type 1 (Cluster 2)
2020-07-06T08:43:02.860000Z,6.0,500,,2.0,2.0,Mismatched - Type 1 (Cluster 2)
2020-07-06T08:49:02.860000Z,15.0,0,,2.0,2.0,Mismatched - Type 1 (Cluster 2)
2020-07-06T08:49:32.860000Z,27.0,1000,,0.0,2.0,Mismatched - Type 1 (Cluster 2)
2020-07-06T08:55:32.860000Z,24.0,0,,2.0,2.0,Mismatched - Type 1 (Cluster 2)
2020-07-06T08:59:02.860000Z,18.0,500,,2.0,2.0,Mismatched - Type 1 (Cluster 2)
2020-07-07T07:00:08.931000Z,6.0,0,,2.0,2.0,Mismatched - Type 1 (Cluster 2)
2020-07-07T07:07:38.931000Z,27.0,1000,,2.0,2.0,Mismatched - Type 1 (Cluster 2)
2020-07-07T07:41:08.931000Z,3.0,1000,,2.0,2.0,Mismatched - Type 1 (Cluster 2)
2020-07-07T07:44:38.931000Z,6.0,500,,3.0,3.0,Mismatched
2020-07-07T15:22:08.931000Z,18.0,1000,,2.0,2.0,Mismatched - Type 1 (Cluster 2)
2020-07-08T07:44:38.931000Z,6.0,500,,2.0,2.0,Mismatched - Type 1 (Cluster 2)
2020-07-08T07:45:08.931000Z,27.0,0,,2.0,2.0,Mismatched - Type 1 (Cluster 2)
2020-07-08T08:25:38.931000Z,18.0,1000,,2.0,2.0,Mismatched - Type 1 (Cluster 2)
2020-07-08T14:08:51.779000Z,18.0,500,,2.0,2.0,Mismatched - Type 1 (Cluster 2)
2020-07-08T14:13:51.779000Z,18.0,1000,,2.0,2.0,Mismatched - Type 1 (Cluster 2)
2020-07-09T07:34:51.779000Z,3.0,0,,2.0,2.0,Mismatched - Type 1 (Cluster 2)
2020-07-09T07:34:51.779000Z,12.0,500,,2.0,2.0,Mismatched - Type 1 (Cluster 2)
2020-07-09T08:32:21.779000Z,27.0,500,,2.0,2.0,Mismatched - Type 1 (Cluster 2)
2020-07-09T08:57:51.779000Z,15.0,0,,2.0,2.0,Mismatched - Type 1 (Cluster 2)
2020-07-06T08:48:32.860000Z,27.0,1000,,2.0,2.0,Mismatched - Type 1 (Cluster 2)
2020-07-07T07:02:38.931000Z,18.0,500,,2.0,3.0,Mismatched
2020-07-07T07:05:38.931000Z,0.0,0,,2.0,2.0,Mismatched - Type 1 (Cluster 2)
2020-07-07T07:06:38.931000Z,24.0,0,,3.0,3.0,Mismatched
2020-07-07T07:40:38.931000Z,21.0,0,,3.0,3.0,Mismatched
2020-07-07T07:43:08.931000Z,0.0,500,,3.0,3.0,Mismatched
2020-07-07T14:02:08.931000Z,27.0,500,,3.0,3.0,Mismatched
2020-07-07T14:02:38.931000Z,0.0,500,,3.0,3.0,Mismatched
2020-07-07T14:04:08.931000Z,9.0,500,,3.0,3.0,Mismatched
2020-07-07T14:11:38.931000Z,18.0,500,,3.0,3.0,Mismatched
2020-07-07T14:41:08.931000Z,21.0,500,,2.0,2.0,Mismatched - Type 1 (Cluster 2)
2020-07-07T14:48:08.931000Z,18.0,0,,2.0,2.0,Mismatched - Type 1 (Cluster 2)
2020-07-08T07:35:38.931000Z,18.0,0,,2.0,3.0,Mismatched
2020-07-08T07:36:08.931000Z,12.0,500,,2.0,2.0,Mismatched - Type 1 (Cluster 2)
2020-07-09T07:00:21.779000Z,21.0,500,,2.0,2.0,Mismatched - Type 1 (Cluster 2)
2020-07-09T07:01:21.779000Z,24.0,500,,2.0,3.0,Mismatched
2020-07-09T07:04:21.779000Z,15.0,500,,2.0,3.0,Mismatched
2020-07-09T07:31:51.779000Z,15.0,500,,2.0,2.0,Mismatched - Type 1 (Cluster 2)
2020-07-09T07:56:21.779000Z,6.0,500,,2.0,2.0,Mismatched - Type 1 (Cluster 2)
2020-07-09T08:03:51.779000Z,9.0,500,,2.0,2.0,Mismatched - Type 1 (Cluster 2)
2020-07-15T07:00:20.719000Z,24.0,500,,0.0,2.0,Mismatched - Type 1 (Cluster 2)
